Presupuesto Financiero (EEFF Individuales) 2018;;;;;;;;;;;;;;;;;;;;;;;;;;;;;;;
;;;;;;;;;;;;;;;;;;;;;;;;;;;;;;;
EMPRESA:;ICAFAL S.A.;;;;;;;;;;;;;;;;;;;;;;;;;;;;;;
;;;;;;;;;;;;;;;;;;;;;;;;;;;;;;;
Flujo de Caja;Real a;;;;;;;;;;;;;;;Total;;;;;;;;;;;;;;;
;sept-17;dic-17;ene-18;feb-18;mar-18;abr-18;may-18;jun-18;jul-18;ago-18;sept-18;oct-18;nov-18;dic-18;NOTAS;2018;;;;;;;;;;;;;;;
;MM$;MM$;MM$;MM$;MM$;MM$;MM$;MM$;MM$;MM$;MM$;MM$;MM$;MM$;;MM$;;;;;;;;;;;;;;;
Ingresos por Asesoria (Gerenciamiento);;;0,0;0,0;0,0;0,0;0,0;0,0;0,0;0,0;0,0;0,0;0,0;0,0;No se cobrar ;0,0;;;;;Ingresos por Venta;;;;;;;;;;
Ing. Financieros Fondos Mutuos;;;1,8;1,6;1,5;3,2;3,5;0,1;0,6;0,5;0,4;0,4;0,3;0,2;0,12% mensual en base a caja;14,2;;;;;Ingresos financieros;;;;;;;;;;
Costo financiero Fondos Mutuos;;;0,0;0,0;0,0;0,0;0,0;0,0;0,0;0,0;0,0;0,0;0,0;0,0;Cero porque se descuenta de la rentabilidad se¤alada;0,0;;;;;Gastos Financieros;;;;;;;;;;
Ingresos Financieros Cartera de Inversi¢n;;;0,0;0,0;0,0;0,0;0,0;0,0;0,0;0,0;0,0;0,0;0,0;0,0;No son Flujo;0,0;;;;;Ingresos financieros;;;;;;;;;;
Costo Financiero Cartera Inversi¢n;;;0,0;0,0;0,0;0,0;0,0;0,0;0,0;0,0;0,0;0,0;0,0;0,0;Pese a que existe un costo este se descuenta de la ut. de las carteras;0,0;;;;;Gastos Financieros;;;;;;;;;;
Ing.fin. por ptmos a Filiales y socios;;;2,7;0,8;2,7;12,6;0,8;2,7;0,7;0,7;0,7;0,7;0,7;2,9;Pagos de IG, Socios IC y Mes¢n Alto ;28,8;;;;;Ingresos financieros;;;;;;;;;;
Ingresos por Div. o Retiros;;;0,0;0,0;2.423,0;382,0;0,0;490,0;0,0;0,0;0,0;0,0;0,0;1.295,0;Seg£n reparto de dividendo de filiales;4.590,0;;;;;Ingresos por Div. O Retiros;;;;;;;;;;
Inversion/Rescate cartera de inversi¢n;;;0,0;0,0;-900,0;0,0;0,0;0,0;0,0;0,0;0,0;0,0;0,0;0,0;De acuerdo a compromiso. Depende de la caja requerida;-900,0;;;;;Inv/rescate cartera de inversi¢n;;;;;;;;;;
Recuperaci¢n de impuestos;;;0,0;0,0;0,0;25,0;0,0;0,0;0,0;0,0;0,0;0,0;0,0;0,0;De acuerdo a PPUA por recuperar pendientes 2016 MM$ 53 (50%);25,0;;;;;Impuestos por recuperar;;;;;;;;;;
Otros Ingresos;;;0,0;0,0;0,0;0,0;0,0;0,0;0,0;0,0;0,0;0,0;0,0;0,0;;0,0;;;;;Otros Ingresos;;;;;;;;;;
Cuentas por Cobrar Emp. Relac. LP;;;8,0;0,0;920,1;268,2;0,0;8,1;0,0;0,0;0,0;0,0;0,0;17,8;Pagos Deuda Mes¢n Alto y Socios IC;1.222,2;;;;;CxC EERR;;;;;;;;;;
Cuentas por Pagar Emp. Relac. LP;;;0,0;0,0;0,0;0,0;0,0;0,0;0,0;0,0;0,0;0,0;0,0;0,0;;0,0;;;;;CxP EERR;;;;;;;;;;
Cuentas por Cobrar Emp. Relac. CP;;;2,6;2,6;2,6;2,6;2,6;2,6;2,6;2,6;2,6;2,6;2,6;2,6;Abonos Cuota IG;31,0;;;;;CxC EERR;;;;;;;;;;
Cuentas por Pagar Emp. Relac. CP;;;0,0;0,0;0,0;0,0;0,0;0,0;0,0;0,0;0,0;0,0;0,0;0,0;;0,0;;;;;CxP EERR;;;;;;;;;;
Gastos Operacionales (IGP);;;-69,4;-19,4;-19,4;-19,4;-19,4;-19,4;-19,4;-19,4;-19,4;-19,4;-19,4;-19,4;Tarifa 2017 UF 8479;-282,3;;;;;Costos de Venta;;;;;;;;;;
Gastos Administraci¢n;;;-5,1;-5,2;-5,5;-5,8;-16,0;-6,1;-5,1;-5,7;-5;-5,3;-5,1;-8,1;Gastos Base enviados por IG  + IVA cuando corresponde + materiales , Webdox, Contralor¡a y Memoria;-78,3;;Cant.;Costo Unit.;;Gastos Administraci¢n;;;;;;;;;;
Servicio de Aseoy relacionados;;;-0,3;-0,3;-0,3;-0,3;-0,3;-0,3;-0,3;-0,3;-0,3;-0,3;-0,3;-0,3;;-3,8;;1,0;-9,59;;;;;;;;;;;;
Electricidad;;;-0,1;-0,1;-0,1;-0,1;-0,1;-0,1;-0,1;-0,1;-0,1;-0,1;-0,1;-0,1;;-1,3;;1,0;-3,40;;;;;;;;;;;;
Gastos Comunes;;;-0,3;-0,3;-0,3;-0,3;-0,3;-0,3;-0,3;-0,3;-0,3;-0,3;-0,3;-0,3;;-3,1;;1,0;-7,93;;;;;;;;;;;;
Telefon¡a Movil;;;-0,1;-0,1;-0,1;-0,1;-0,1;-0,1;-0,1;-0,1;-0,1;-0,1;-0,1;-0,1;;-1,4;;1,0;-3,50;;;;;;;;;;;;
Gastos TI (Telefonia fija, licencias correo y multifuncional);;;-0,4;-0,4;-0,4;-0,4;-0,4;-0,4;-0,4;-0,4;-0,4;-0,6;-0,4;-0,4;;-5,2;;6,0;-2,12;;;;;;;;;;;;
Cumplea¤os;;;0,0;-0,02;;-0,02;-0,02;;;-0,02;;-0,02;;;;-0,1;;6,0;-0,70;;;;;;;;;;;;
Bono Escolaridad;;;;-0,1;;;;;;;;;;;;-0,1;;2,0;-2,50;;;;;;;;;;;;
Bono vestuario;;;;;-0,4;;;;;;;;;;;-0,4;;6,0;-2,50;;;;;;;;;;;;
Almuerzos Dir;;;-0,1;-0,1;-0,1;-0,1;-0,1;-0,1;-0,1;-0,1;-0,1;-0,1;-0,1;-0,1;;-0,9;;1,0;-2,21;;;;;;;;;;;;
Fiesta ni¤o y Navidad Jardin;;;0,0;0,0;0,0;0,0;0,0;0,0;0,0;-0,2;0,0;0,0;0,0;-0,4;;-0,6;;2,0;-23,48;;;;;;;;;;;;
Gastos Vacuna;;;;;;0,0;;;;;;;;;;0,0;;6,0;-0,20;;;;;;;;;;;;
Revista+ newsletter;;;;;;-0,1;;;;;;;;-0,1;;-0,2;;6,0;-0,55;;;;;;;;;;;;
Comida Aniversario;;;;;;-0,6;;;;;;;;;;-0,6;;6,5;-2,86;;;;;;;;;;;;
Mantenciones (Aire Acondicionado + otras);;;0,0;0,0;0,0;0,0;0,0;-1,11;0,0;0,0;0,0;0,0;0,0;-1,11;;-2,5;;1,0;-3,26;;;;;;;;;;;;
Paseo Nieve;;;;;;;;;;-0,4;;;;;;-0,4;;4,0;-2,79;;;;;;;;;;;;
Festejo Fiestas Patrias;;;;;;;;;;;-0,3;;;;;-0,3;;6,5;-1,55;;;;;;;;;;;;
Paseo fin de a¤o;;;;;;;;;;;;;;-0,5;;-0,5;;6,5;-2,48;;;;;;;;;;;;
Festejo Amigo Secreto;;;;;;;;;;;;;;-0,2;;-0,2;;6,5;-0,87;;;;;;;;;;;;
Bolsa de Navidad ;;;;;;;;;;;;;;-0,1;;-0,1;;6,0;-0,50;;;;;;;;;;;;
Fiesta Navidad Icfal + Jardin ;;;;;;;;;;;;;;-0,6;;-0,6;;1,0;-7,04;;;;;;;;;;;;
Costos Contraloria (viajes y req. TI);;;-1,2;-1,2;-1,2;-1,2;-1,2;-1,2;-1,2;-1,2;-1,2;-1,2;-1,2;-1,2;;-14,0;;1,0;-511,00;;;;;;;;;;;;
Memoria 2017;;;;;;;-11,0;;;;;;;;;-11,0;;;;;;;;;;;;;;;
Materialesy otrosgastos;;;0,0;0,0;0,0;0,0;0,0;0,0;0,0;0,0;0,0;0,0;0,0;0,0;;-0,3;;;;;;;;;;;;;;;
Publicidad El Tepual + Carriel sur;;;-2,6;-2,6;-2,6;-2,6;-2,6;-2,6;-2,6;-2,6;-2,6;-2,6;-2,6;-2,6;;-30,6;;1,0;53,50;;;;;;;;;;;;
Gastos Administraci¢n (IG);;;-61,7;-2,2;-2,2;-2,2;-2,2;-2,2;-2,2;-2,2;-2;-2,2;-2,2;-2,2;Administraci¢n de redes UF 955;-85,7;;;;;Gastos Administraci¢n;;;;;;;;;;
Gastos Arriendo Oficinas (IG);;;-1,6;-1,6;-1,6;-1,6;-1,6;-1,6;-1,6;-1,6;-2;-1,6;-1,6;-1,6;Tarifa estimada por IG para 2017 UF680;-18,6;;;;;Gastos Administraci¢n;;;;;;;;;;
Gastos Administraci¢n (Patente);;;-18,0;0,0;0,0;0,0;0,0;0,0;-16,0;0,0;0;0,0;0,0;0,0;Patente;-34,0;;;;;Gastos Administraci¢n;;;;;;;;;;
Gastos Administraci¢n (Remun.);;;-28,6;-28,6;-28,6;-28,6;-46,3;-28,6;-28,6;-28,6;-30;-28,6;-46,3;-49,3;Seg£n estim. RRHH (incl. Rem + dietas + part. + otros) ;-401,2;;;;;Gastos Administraci¢n;;;;;;;;;;
Seguro de Vida;;;-0,1;-0,1;-0,1;-0,1;-0,1;-0,1;-0,1;-0,1;-0,1;-0,1;-0,1;-0,1;;-1,0;;6,0;-0,50;;;;;;;;;;;;
Seguro complementario salud;;;-0,2;-0,2;-0,2;-0,2;-0,2;-0,2;-0,2;-0,2;-0,2;-0,2;-0,2;-0,2;;-2,1;;1,0;-6,53;;;;;;;;;;;;
Maquina Vending;;;-0,1;-0,1;-0,1;-0,1;-0,1;-0,1;-0,1;-0,1;-0,1;-0,1;-0,1;-0,1;;-0,8;;5,0;-0,40;;;;;;;;;;;;
Edenred;;;-0,4;-0,4;-0,4;-0,4;-0,4;-0,4;-0,4;-0,4;-0,4;-0,4;-0,4;-0,4;;-5,0;;5,0;-2,58;;;;;;;;;;;;
Aguinaldo Fiestas Patrias;;;;;;;;;;;-1,8;;;;;-1,8;;6,0;-11,00;;;;;;;;;;;;
Gastos Asesor¡as y Auditorias;;;-4,7;-1,6;-4,9;-1,8;-1,8;-11,8;-1,8;-1,9;-12;-1,9;-8,1;-11,9;Auditoria contable, Ases. Fin. Portfolio Capital + provisi¢n asesorias (MM$ 10 en Jun, sep y dic);-64,2;;;;;Gastos Administraci¢n;;;;;;;;;;
Gastos Financieros;;;0,0;0,0;0,0;0,0;0,0;0,0;0,0;0,0;0,0;0,0;0,0;0,0;;0,0;;;;;Gastos Financieros;;;;;;;;;;
Distribuci¢n Dividendos ;;;0,0;0,0;0,0;-382,0;-2.800,0;0,0;0,0;0,0;0,0;0,0;0,0;0,0;Dividendos del a¤o;-3.182,0;;;;;Distribuci¢n Dividendos;;;;;;;;;;
Aportes de Capital;;;0,0;0,0;-982,1;0,0;0,0;0,0;0,0;0,0;0,0;0,0;0,0;0,0;Se propone eliminar cxc de Inv. Leguia y La Isla;-982,1;;;;;Aporte o disminuci¢n de capital;;;;;;;;;;
Impuesto a la Renta (perdida trib.);;;0,0;0,0;0,0;0,0;0,0;0,0;0,0;0,0;0,0;0,0;0,0;0,0;;0,0;;;;;Impuesto a la Renta;;;;;;;;;;
Caja total;;0;-173,9;-53,6;1.405,8;252,2;-2.880,4;433,7;-70,7;-55,4;-67,0;-55,1;-78,9;1.226,2;;-117;;;;;;;;;;;;;;;
Caja acumulada;;1.514;1.340;1.286;2.692;2.944;64;497;427;371;304;249;170;1.397;;1.397;;;;;;;;;;;;;;;
;;;UF prom 2018;;;;;;;;;;;;;;;;;;;;;;;;;;;;
;;26.798,14;27400;;;;;;;;;;;;;;;;;;;;;;;;;;;;
;Real;Real;;;;;;;;;;;;;;;;;;;;;;;;;;;;;
Estados de resultados por funci¢n;sept-17;dic-17;ene-18;feb-18;mar-18;abr-18;may-18;jun-18;jul-18;ago-18;sept-18;oct-18;nov-18;dic-18;NOTAS;;;;;;;;;;;;;;;;
;MM$;MM$;MM$;MM$;MM$;MM$;MM$;MM$;MM$;MM$;MM$;MM$;MM$;MM$;;;;;;;;;;;;;;;;;
;;;;;;;;;;;;;;;;;;;;;;;;;;;;;;;
Ganancia (p‚rdida) ;;;;;;;;;;;;;;;;;;;;;;;;;;;;;;;
Ingresos de actividades ordinarias;;588;49;98;148;202;256;311;366;421;477;533;589;645;Rentabilidad Cartera de Inversi¢n 6% anual, similar a 2017;;588.292.640;588,29264;588292640;588,29264;588292640;588,29264;;;;;;;;;
Costo de ventas;;-187;-69;-89;-108;-127;-147;-166;-186;-205;-224;-244;-263;-282;;;-187419469;-187,419469;-187419469;-187,419469;-187419469;-187,419469;;;;;;;;;
Ganancia bruta;0;401;-20;9;40;74;109;145;180;216;253;289;326;363;;;400873171;400,873171;400873171;400,873171;400873171;400,873171;;;;;;;;;
;; - . -;;;;;;;;;;;;;;;;;;0;;0;;;;;;;;;
Ganancias que surgen de la baja en cuentas de activos financieros medidos al costo amortizado;0;0;0;0;0;0;0;0;0;0;0;0;0;0;;;0;0;;0;;0;;;;;;;;;
P‚rdidas que surgen de la baja en cuentas de activos financieros medidos al costo amortizado;0;0;0;0;0;0;0;0;0;0;0;0;0;0;;;0;0;;0;;0;;;;;;;;;
Otros ingresos, por funci¢n;0;0;0;0;0;0;0;0;0;0;0;0;0;0;;;0;0;0;0;0;0;;;;;;;;;
Costos de distribuci¢n;0;0;0;0;0;0;0;0;0;0;0;0;0;0;;;0;0;;0;;0;;;;;;;;;
Gasto de administraci¢n;0;-798;-120;-159;-202;-242;-310;-360;-415;-455;-506;-546;-609;-682;;;-797807813;-797,807813;-797807813;-797,807813;-797807813;-797,807813;;;;;;;;;
Otros gastos, por funci¢n;0;0;0;0;0;0;0;0;0;0;0;0;0;0;;;0;0;0;0;0;0;;;;;;;;;
Otras ganancias (p‚rdidas);0;0;0;0;0;0;0;0;0;0;0;0;0;0;;;0;0;;0;;0;;;;;;;;;
Ingresos financieros;0;23;6;12;18;25;33;37;42;47;52;56;61;65;Devengo de intereses Prestamos y FM (Se descuenta int. Deuda en cuotas pues se asume se registarn al inicio);;22933175;22,933175;22933175;22,933175;22933175;22,933175;;;;;;;;;
Costos financieros;0;-3;0;0;0;0;0;0;0;0;0;0;0;0;;;-2980800;-2,9808;-2980800;-2,9808;-2980800;-2,9808;;;;;;;;;
Participaci¢n en las ganancias (p‚rdidas) de asociadas y negocios conjuntos que se contabilicen utilizando el m‚todo de la participaci¢n;0;9.657;441;1.382;2.105;2.605;2.646;3.074;3.704;4.390;4.850;5.657;6.367;7.306;;;4461567603;4461,567603;9216057606;9216,057606;9656887976;9656,887976;;;;;;;;;
Diferencias de cambio;0;0;0;0;0;0;0;0;0;0;0;0;0;0;;;-371256;-0,371256;-371256;-0,371256;-371256;-0,371256;;;;;;;;;
Resultado por unidades de reajuste;0;128;83;83;83;83;83;83;83;83;83;83;83;83;;;128059074;128,059074;128059074;128,059074;128059074;128,059074;;;;;;;;;
Ganancias (p‚rdidas) que surgen de la diferencia entre el valor libro anterior y el valor justo de activos financieros reclasificados medidos a valor razonable;0;0;0;0;0;0;0;0;0;0;0;0;0;0;;;0;0;;0;;0;;;;;;;;;
Ganancia (p‚rdida), antes de impuestos;0;9.408;390;1.328;2.044;2.546;2.562;2.980;3.595;4.281;4.731;5.539;6.228;7.134;;;4.212.273.154;4212,273154;8966763157;8966,763157;9407593527;9407,593527;;;;;;;;;
;;;;;;;;;;;;;;;;;;;;0;;0;;;;;;;;;
Gasto por impuestos a las ganancias;0;70;0;0;0;0;0;0;0;0;0;0;0;0;;;70.337.024;70,337024;70337024;70,337024;70337024;70,337024;;;;;;;;;
Ganancia (p‚rdida) procedente de operaciones continuadas;0;9.478;390;1.328;2.044;2.546;2.562;2.980;3.595;4.281;4.731;5.539;6.228;7.134;;;4.282.610.178;4282,610178;9037100181;9037,100181;9477930551;9477,930551;;;;;;;;;
;;;;;;;;;;;;;;;;;;;;0;;0;;;;;;;;;
Ganancia (p‚rdida) procedente de operaciones discontinuadas;0;0;0;0;0;0;0;0;0;0;0;0;0;0;;;0;0;;0;;0;;;;;;;;;
Ganancia (p‚rdida);0;9.478;390;1.328;2.044;2.546;2.562;2.980;3.595;4.281;4.731;5.539;6.228;7.134;;;4.282.610.178;4282,610178;9037100181;9037,100181;9477930551;9477,930551;;;;;;;;;
;;;;;;;;;;;;;;;;;;;;0;;0;;;;;;;;;
Ganancia (p‚rdida), atribuible a;;;;;;;;;;;;;;;;;;;;0;;0;;;;;;;;;
Ganancia (p‚rdida), atribuible a los propietarios de la controladora;0;9.478;390;1.328;2.044;2.546;2.562;2.980;3.595;4.281;4.731;5.539;6.228;7.134;;;4.282.610.178;;;0;;0;;;;;;;;;
Ganancia (p‚rdida), atribuible a participaciones no controladoras;0;0;0;0;0;0;0;0;0;0;0;0;0;0;;;0;;;0;;0;;;;;;;;;
Ganancia (p‚rdida);0;9.478;390;1.328;2.044;2.546;2.562;2.980;3.595;4.281;4.731;5.539;6.228;7.134;;;4.282.610.178;;;0;;0;;;;;;;;;
;;;;;;;;;;;;;;;;;;;;;;;;;;;;;;;
Ganancias por acci¢n;;;;;;;;;;;;;;;;;;;;;;;;;;;;;;;
Ganancia por acci¢n b sica;;;;;;;;;;;;;;;;;;;;;;;;;;;;;;;
Ganancia (p‚rdida) por acci¢n b sica en operaciones continuadas;;;0;0;0;0;0;0;0;0;0;0;0;0;;;;;;;;;;;;;;;;;
Ganancia (p‚rdidas por acci¢n b sica en operaciones discontinuadas;;0;0;0;0;0;0;0;0;0;0;0;0;0;;;;;;;;;;;;;;;;;
Ganancia (p‚rdida) por acci¢n b sica;0;0;0;0;0;0;0;0;0;0;0;0;0;0;;;;;;;;;;;;;;;;;
Ganancias por acci¢n diluidas;;;;;;;;;;;;;;;;;;;;;;;;;;;;;;;
Ganancias (p‚rdida) diluida por acci¢n procedente de operaciones continuadas;;0;0;0;0;0;0;0;0;0;0;0;0;0;;;;;;;;;;;;;;;;;
Ganancias (p‚rdida) diluida por acci¢n procedentes de operaciones discontinuadas;;0;0;0;0;0;0;0;0;0;0;0;0;0;;;;;;;;;;;;;;;;;
Ganancias (p‚rdida) diluida por acci¢n;0;0;0;0;0;0;0;0;0;0;0;0;0;0;;;;;;;;;;;;;;;;;
;;;;;;;;;;;;;;;;;;;;;;;;;;;;;;;
;;;;;;;;;;;;;;;;;;;;;;;;;;;;;;;
;Real;Real;;;;;;;;;;;;;;;;;;;;;;;;;;;;;
Estados de situaci¢n financiera clasificados;sept-17;dic-17;ene-18;feb-18;mar-18;abr-18;may-18;jun-18;jul-18;ago-18;sept-18;oct-18;nov-18;dic-18;NOTAS;;;;;;;;;;;;;;;;
;MM$;MM$;MM$;MM$;MM$;MM$;MM$;MM$;MM$;MM$;MM$;MM$;MM$;MM$;;;;;;;;;;;;;;;;;
;;;;;;;;;;;;;;;;;;;;;;;;;;;;;;;
Activos ;;;;;;;;;;;;;;;;;;;;;;;;;;;;;;;
Activos corrientes;;;;;;;;;;;;;;;;;;;;;;;;;;;;;;;
Efectivo y equivalentes al efectivo;0;1.514 ;1.340 ;1.286 ;2.692 ;2.944 ;64 ;497 ;427 ;371 ;304 ;249 ;170 ;1.397 ;Se ajusta cuenta a saldo de Flujo de caja y se pasa a cuenta de abajo lo de cartera de Inversi¢n;;7766439601;7.766 ;6.253;7.766.439.601 ;7.766 ;0;7766439601;7766,439601;6.253;;;;;;
Otros activos financieros, corrientes;0;8.113;8.153 ;8.194 ;9.135 ;9.181 ;9.227 ;9.273 ;9.319 ;9.366 ;9.413 ;9.460 ;9.507 ;9.555 ;;;1.860.075.597 ;1.860 ;;1.860.075.597 ;1.860 ;0;1860075597;1860,075597;;;;;;;
Otros activos no financieros, corrientes;0;0;0;0;0;0;0;0;0;0;0;0;0;0;;;0; - . -;; -.-; - . -;0;0;0;;;;;;;
Deudores comerciales y otras cuentas por cobrar, corrientes;0;68;68;68;68;68;68;68;68;68;68;68;68;68;;;70143851;70 ;;68.000.000 ;68 ;-2.143.851;68000000;68;;;;;;;
Cuentas por cobrar a entidades relacionadas, corrientes;0;541;541;541;50;50;50;50;50;50;50;50;50;50;Se incorpora y reconoce pagos porcion CP de Deuda LP IG Bodega;;490703043;491 ;;540.703.043 ;540,7030 ;50.000.000;540703043;540,703043;;;;;;;
Inventarios;0;0;0;0;0;0;0;0;0;0;0;0;0;0;;;0; - . -;; -.-; - . -;0;0;0;;;;;;;
Activos biol¢gicos, corrientes;0;0;0;0;0;0;0;0;0;0;0;0;0;0;;;0; - . -;;; - . -;0;;0;;;;;;;
Activos por impuestos corrientes;0;240 ;240 ;240 ;240 ;215 ;215 ;215 ;215 ;215 ;215 ;215 ;215 ;215 ;;;240036326;240 ;;240.036.326 ;240 ;0;240036326;240,036326;;;;;;;
Total de activos corrientes distintos de los activos o grupos de activos para su disposici¢n clasificados como mantenidos para la venta o como mantenidos para distribuir a los propietarios;0;10.475;10.342;10.329;12.185;12.458;9.624;10.103;10.079;10.070;10.050;10.042;10.010;11.284;;;10427398418;10.427 ;;10.475.254.567 ;10.475 ;47.856.149;10475254567;10475,25457;;;;;;;
Activos no corrientes o grupos de activos para su disposici¢n clasificados como mantenidos para la venta ;0;0;0;0;0;0;0;0;0;0;0;0;0;0;;;0; - . -;;; - . -;0;;0;;;;;;;
Activos no corrientes o grupos de activos para su disposici¢n clasificados como mantenidos para distribuir a los propietarios;0;0;0;0;0;0;0;0;0;0;0;0;0;0;;;0; - . -;;; - . -;0;;0;;;;;;;
Activos no corrientes o grupos de activos para su disposici¢n clasificados como mantenidos para la venta o como mantenidos para distribuir a los propietarios;0;0;0;0;0;0;0;0;0;0;0;0;0;0;;;0; - . -;; - . -; - . -;0;0;0;;;;;;;
Total de activos corrientes;0;10.475;10.342;10.329;12.185;12.458;9.624;10.103;10.079;10.070;10.050;10.042;10.010;11.284;;;10427398418;10.427 ;;10.475.254.567 ;10.475 ;47.856.149;10475254567;10475,25457;;;;;;;
;; - . -;;;;;;;;;;;;;;;;;;; - . -;0;;0;;;;;;;
Activos no corrientes;; - . -;;;;;;;;;;;;;;;;;;; - . -;0;;0;;;;;;;
             Otros activos financieros, no corrientes;0;1.679,682;1.688;1.697;1.705;1.714;1.722;1.731;1.739;1.748;1.757;1.766;1.774;1.783;;;1677538067;1.678 ;;1.679.681.918 ;1.680 ;2.143.851;1679681918;1679,681918;;;;;;;
             Otros activos no financieros, no corrientes;0;0;0;0;0;0;0;0;0;0;0;0;0;0;;;0; - . -;; -.-; - . -;0;0;0;;;;;;;
             Derechos por cobrar, no corrientes;0;0;0;0;0;0;0;0;0;0;0;0;0;0;;;0; - . -;;; - . -;0;;0;;;;;;;
             Cuentas por cobrar a entidades relacionadas, no corrientes;0;3.585;3.658;3.659;3.229;2.950;2.951;2.942;2.943;2.944;2.945;2.945;2.946;2.927;;;3584663323;3.585 ;;3.584.663.323 ;3.585 ;0;3584663323;3584,663323;;;;;;;
Inversiones contabilizadas utilizando el m‚todo de la participaci¢n;0;72.538;72.979;73.921;73.203;73.320;73.361;73.300;73.929;74.615;75.075;75.882;76.592;76.236;;;67142096897;67.142 ;;71.926.290.329 ;71.926 ;4.784.193.432;72538350497;72538,3505;;;;;;;
Activos intangibles distintos de la plusval¡a;0;0;0;0;0;0;0;0;0;0;0;0;0;0;;;0; - . -;; -.-; - . -;0;0;0;;;;;;;
Plusval¡a;0;0;0;0;0;0;0;0;0;0;0;0;0;0;;;0; - . -;; -.-; - . -;0;0;0;;;;;;;
Propiedades, planta y equipo;0;0;0;0;0;0;0;0;0;0;0;0;0;0;;;0; - . -;; -.-; - . -;0;0;0;;;;;;;
Activos biol¢gicos, no corrientes;0;0;0;0;0;0;0;0;0;0;0;0;0;0;;;0; - . -;;; - . -;0;;0;;;;;;;
Propiedad de inversi¢n;0;0;0;0;0;0;0;0;0;0;0;0;0;0;;;0; - . -;; -.-; - . -;0;0;0;;;;;;;
Activos por impuestos diferidos;0;0;0;0;0;0;0;0;0;0;0;0;0;0;;;0; - . -;; -.-; - . -;0;0;0;;;;;;;
Total de activos no corrientes;0;77.803;78.326;79.277;78.137;77.984;78.035;77.972;78.611;79.307;79.777;80.593;81.313;80.946;;;72404298287;72.404 ;;77.190.635.570 ;77.191 ;4.786.337.283;77802695738;77802,69574;;;;;;;
;; - . -;;;;;;;;;;;;;;;; - . -;;; - . -;0;;0;;;;;;;
Total de activos;0;88.278;88.668;89.606;90.322;90.442;87.658;88.076;88.691;89.377;89.827;90.635;91.323;92.230;;;82831696705;82.832 ;;87.665.890.137 ;87.666 ;4.834.193.432;88277950305;88277,95031;;;;;;;
;;;;;;;;;;;;;;;;;;;;;;;;;;;;;;;
;;;;;;;;;;;;;;;;;;;;;;;;;;;;;;;
Estados de situaci¢n financiera clasificados;sept-17;;ene-18;feb-18;mar-18;abr-18;may-18;jun-18;jul-18;ago-18;sept-18;oct-18;nov-18;dic-18;NOTAS;;31.12.2017;;;;;;;;;;;;;;
;MM$;;MM$;MM$;MM$;MM$;MM$;MM$;MM$;MM$;MM$;MM$;MM$;MM$;;;$;;;;;;;;;;;;;;
;;;;;;;;;;;;;;;;;;;;;;;;;;;;;;;
Patrimonio y pasivos;;;;;;;;;;;;;;;;;;;;;;;;;;;;;;;
Pasivos;;;;;;;;;;;;;;;;;;;;;;;;;;;;;;;
Pasivos corrientes;;;;;;;;;;;;;;;;;;;;;;;;;;;;;;;
Otros pasivos financieros, corrientes;0;0;0;0;0;0;0;0;0;0;0;0;0;0;;;0; - . -;; -.-; - . -;0;0;0;;;;;;;
Cuentas por pagar comerciales y otras cuentas por pagar;0;15;15;15;15;15;15;15;15;15;15;15;15;15;;;15.101.295;15 ;;15.101.295 ;15 ;0;15101295;15,101295;;;;;;;
Cuentas por pagar a entidades relacionadas, corrientes;0;372;372;372;372;372;372;372;372;372;372;372;372;372;;;126.289.623;126 ;;176.289.623 ;176 ;50.000.000;372289623;372,289623;;;;;;;
Otras provisiones a corto plazo;0;0;0;0;0;0;0;0;0;0;0;0;0;0;;;0; - . -;; -.-; - . -;0;0;0;;;;;;;
Pasivos por Impuestos corrientes;0;8;8;8;8;8;8;8;8;8;8;8;8;8;;;7.826.605;8 ;;7.826.605 ;8 ;0;7826605;7,826605;;;;;;;
Provisiones corrientes por beneficios a los empleados;0;2;2;2;2;2;2;2;2;2;2;2;2;2;;;2.287.307;2 ;;2.287.307 ;2 ;0;2287307;2,287307;;;;;;;
Otros pasivos no financieros, corrientes;0;0;0;0;0;0;0;0;0;0;0;0;0;0;;;0; - . -;; -.-; - . -;0;0;0;;;;;;;
Total de pasivos corrientes distintos de los pasivos incluidos en grupos de activos para su disposici¢n clasificados como mantenidos para la venta;0;398;398;398;398;398;398;398;398;398;398;398;398;398;;;151.504.830;152 ;;201.504.830 ;202 ;50.000.000;397504830;397,50483;;;;;;;
Pasivos incluidos en grupos de activos para su disposici¢n clasificados como mantenidos para la venta;0;0;0;0;0;0;0;0;0;0;0;0;0;0;;;0; - . -;;; - . -;0;;0;;;;;;;
Total de pasivos corrientes;0;398;398;398;398;398;398;398;398;398;398;398;398;398;;;151.504.830;152 ;;201.504.830 ;202 ;50.000.000;397504830;397,50483;;;;;;;
;;0;;;;;;;;;;;;;;;; - . -;;; - . -;0;;0;;;;;;;
Pasivos no corrientes;;0;;;;;;;;;;;;;;;; - . -;;; - . -;0;;0;;;;;;;
Otros pasivos financieros, no corrientes;0;0;0;0;0;0;0;0;0;0;0;0;0;0;;;0; - . -;; -.-; - . -;0;0;0;;;;;;;
Pasivos no corrientes;0;0;0;0;0;0;0;0;0;0;0;0;0;0;;;0; - . -;; -.-; - . -;0;0;0;;;;;;;
Cuentas por pagar a entidades relacionadas, no corrientes;0;0;0;0;0;0;0;0;0;0;0;0;0;0;;;0; - . -;; -.-; - . -;0;0;0;;;;;;;
Otras provisiones a largo plazo;0;0;0;0;0;0;0;0;0;0;0;0;0;0;;;0; - . -;; -.-; - . -;0;0;0;;;;;;;
Pasivo por impuestos diferidos;0;7;7;7;7;7;7;7;7;7;7;7;7;7;;;6.842.235;7 ;;6.842.235 ;7 ;0;6842235;6,842235;;;;;;;
Provisiones no corrientes por beneficios a los empleados;0;0;0;0;0;0;0;0;0;0;0;0;0;0;;;0; - . -;;; - . -;0;;0;;;;;;;
Otros pasivos no financieros no corrientes;0;0;0;0;0;0;0;0;0;0;0;0;0;0;;;0; - . -;; -.-; - . -;0;0;0;;;;;;;
Total de pasivos no corrientes;0;7;7;7;7;7;7;7;7;7;7;7;7;7;;;6842235;7 ;;6.842.235 ;7 ;0;6842235;6,842235;;;;;;;
;;;;;;;;;;;;;;;;;; - . -;;; - . -;0;;0;;;;;;;
Total pasivos;0;404;404;404;404;404;404;404;404;404;404;404;404;404;;;158347065;158 ;;208.347.065 ;208 ;50.000.000;404347065;404,347065;;;;;;;
;;;;;;;;;;;;;;;;;158347065;158 ;;; - . -;-158.347.065;;0;;;;;;;
Patrimonio;;;;;;;;;;;;;;;;;; - . -;;; - . -;0;;0;;;;;;;
Capital emitido;0;65.929;65.929;65.929;65.929;65.929;65.929;65.929;65.929;65.929;65.929;65.929;65.929;65.929;;;65.928.684.870;65.929 ;;65.928.684.870 ;65.929 ;0;65928684870;65928,68487;;;;;;;
Ganancias (p‚rdidas) acumuladas;0;23.689;24.079;25.017;25.733;25.853;23.070;23.487;24.102;24.789;25.238;26.046;26.735;27.642;;;16744664770;16.745 ;;23.273.343.007 ;23.273 ;6.528.678.237;23689403175;23689,40318;;;;;;;
Primas de emisi¢n;0;0;0;0;0;0;0;0;0;0;0;0;0;0;;;0; - . -;;; - . -;0;;0;;;;;;;
Acciones propias en cartera;0;0;0;0;0;0;0;0;0;0;0;0;0;0;;;0; - . -;;; - . -;0;;0;;;;;;;
Otras participaciones en el patrimonio;0;0;0;0;0;0;0;0;0;0;0;0;0;0;;;0; - . -;;; - . -;0;;0;;;;;;;
Otras reservas;0;-1.744;-1.744;-1.744;-1.744;-1.744;-1.744;-1.744;-1.744;-1.744;-1.744;-1.744;-1.744;-1.744;;;0; - . -;;(1.744.484.805);(1.744);-1.744.484.805;-1744484805;-1744,484805;;;;;;;
Patrimonio atribuible a los propietarios de la controladora;0;87.874;88.263;89.201;89.918;90.037;87.254;87.671;88.286;88.973;89.422;90.231;90.919;91.826;;;82673349640;82.673 ;;87.457.543.072 ;87.458 ;4.784.193.432;87873603240;87873,60324;;;;;;;
Participaciones no controladoras;0;0;0;0;0;0;0;0;0;0;0;0;0;0;;;0; - . -;;; - . -;0;;0;;;;;;;
Patrimonio total;0;87.874;88.263;89.201;89.918;90.037;87.254;87.671;88.286;88.973;89.422;90.231;90.919;91.826;;;82673349640;82.673 ;;87.457.543.072 ;87.458 ;4.784.193.432;87873603240;87873,60324;;;;;;;
;; - . -;;;;;;;;;;;;;;;; - . -;;; - . -;0;;0;;;;;;;
Total de patrimonio y pasivos;0;88.278;88.668;89.606;90.322;90.442;87.658;88.076;88.691;89.377;89.827;90.635;91.323;92.230;;;82831696705;82.832 ;;87.665.890.137 ;87.666 ;4.834.193.432;88277950305;88277,95031;;;;;;;
;;0,0000;0,0000;0,0000;0,0000;0,0000;0,0000;0,0000;0,0000;0,0000;0,0000;0,0000;0,0000;0,0000;;;;;;;;;;;;;;;;;
Cuadre Balance;0,0;0,0;0,0;0,0;0,0;0,0;0,0;0,0;0,0;0,0;0,0;0,0;0,0;0,0;;;;;;;;;;;;;;;;;
;Real;Real;;;;;;;;;;;;;;;;;;;;;;;;;;;;;
Dividendos, VPP, utilidades y cuentas corrientes;sept-17;dic-17;ene-18;feb-18;mar-18;abr-18;may-18;jun-18;jul-18;ago-18;sept-18;oct-18;nov-18;dic-18;NOTAS;;;;;;;;;;;;;;;;
;MM$;MM$;MM$;MM$;MM$;MM$;MM$;MM$;MM$;MM$;MM$;MM$;MM$;MM$;;;;;;;;;;;;;;;;;
DIVIDENDOS;;;;;;;;;;;;;;;;;;;;;;;;;;;;;;;
Icafal Inmobiliaria S.A.;;;0,00;0,00;2.423;0,00;0,00;0,00;0,00;0,00;0,00;0,00;0,00;315;;1;;;;;;;;;;;;;;;
Icafal Ing. y Const. S.A.;;0;0;0;0;382;0,00;0,00;0,00;0,00;0,00;0,00;0,00;0,00;;0,5462;;;;;;;;;;;;;;;
Icafal Inversiones S.A.;;;0;0,00;0,00;0,00;0,00;490,00;0,00;0,00;0,00;0,00;0,00;980,00;;0,98;;;;;;;;;;;;;;;
Icafal Gesti¢n S.A.;;0;0,0;0,00;0,00;0,00;0,00;0,00;0,00;0,00;0,00;0,00;0,00;0,00;;1;;;;;;;;;;;;;;;
TOTAL;0;0;0;0;2.423;382;0;490;0;0;0;0;0;1.295;;;;;;;;;;;;;;;;;
;;;;;;;;;;;;;;;;;;;;;;;;;;;;;;;
VALOR PATRIMONIAL PROPORCIONAL;;;;;;;;;;;;;;;;;;;;;;;;;;;;;;;
Icafal Inmobiliaria S.A.;0;6.008;396,4;1.057;1.522;1.646;1.478;1.539;1.845;2.052;2.202;2.434;2.649;3.495;;;;;;;;;;;;;;;;;
Icafal Ing. y Const. S.A.;0;1.039;31,3;103;135;226;287;459;620;807;930;1.070;1.200;999;;;;;;;;;;;;;;;;;
Icafal Inversiones S.A.;0;2.335;12,9;221;448;732;880;1.075;1.237;1.529;1.717;2.151;2.515;2.810;;;;;;;;;;;;;;;;;
Icafal Gesti¢n S.A.;0;-4;0,2;0;1;1;1;1;2;2;2;2;2;3;;;;;;;;;;;;;;;;;
TOTAL;0;9.378;441;1.382;2.105;2.605;2.646;3.074;3.704;4.390;4.850;5.657;6.367;7.306;;;;;;;;;;;;;;;;;
;;;;;;;;;;;;;;;;;;;;;;;;;;;;;;;
UTILIDADES DEL EJERCICIO;;;;;;;;;;;;;;;;;;;;;;;;;;;;;;;
Icafal Inmobiliaria S.A.;0;6.008;396;1.057;1.522;1.646;1.478;1.539;1.845;2.052;2.202;2.434;2.649;3.495;;;;;;;;;;;;;;;;;
Icafal Ing. y Const. S.A.;0;1.902;57;189;247;415;526;840;1.136;1.477;1.702;1.958;2.198;1.828;;;;;;;;;;;;;;;;;
Icafal Inversiones S.A.;0;2.383;13;226;457;747;898;1.097;1.262;1.560;1.752;2.195;2.566;2.867;;;;;;;;;;;;;;;;;
Icafal Gesti¢n S.A.;0;-4;0;0;1;1;1;1;2;2;2;2;2;3;;;;;;;;;;;;;;;;;
TOTAL;0;10.289;467;1.473;2.227;2.808;2.903;3.478;4.245;5.091;5.658;6.590;7.416;8.193;;;;;;;;;;;;;;;;;
;;;;;;;;;;;;;;;;;;;;;;;;;;;;;;;
CXC EMPRESAS RELACIONADAS LARGO PLAZO;;;;;;;;;;;;;;;;;;;;;;;;;;;;;;;
Icafal Gesti¢n S.A.;;306,50;310,98;308,42;305,86;303,29;300,71;298,13;295,54;292,94;290,34;287,73;285,11;282,49;;;;;;;;;;;;;;;;;
Inv. Pailapulli S.A.;;344,40;352,74;353,17;296,77;227,25;227,68;228,11;228,55;228,98;229,41;229,84;230,28;230,71;;;;;;;;;;;;;;;;;
Inv. Punta µguila S.A.;;344,41;352,75;353,19;296,78;227,30;227,73;228,16;228,59;229,03;229,46;229,89;230,33;230,76;;;;;;;;;;;;;;;;;
Inv. Los Peumos S.A.;;380,40;389,61;390,09;333,73;264,29;264,77;265,24;265,72;266,20;266,68;267,16;267,64;268,11;;;;;;;;;;;;;;;;;
Inv. Huaquen Ltda.;;122,82;125,80;125,95;108,73;91,40;91,56;91,71;91,87;92,02;92,18;92,33;92,48;92,64;;;;;;;;;;;;;;;;;
Inv. El Mait‚n Ltda.;;122,91;125,89;126,05;108,83;91,49;91,65;91,80;91,96;92,11;92,27;92,42;92,58;92,73;;;;;;;;;;;;;;;;;
K y T Asesor¡as Ltda.;;122,30;125,27;125,42;108,20;90,87;91,02;91,17;91,33;91,48;91,64;91,79;91,94;92,10;;;;;;;;;;;;;;;;;
Inv. Andalue Ltda.;;73,70;75,48;75,57;65,24;54,84;54,93;55,03;55,12;55,21;55,30;55,40;55,49;55,58;;;;;;;;;;;;;;;;;
Inv. Nirehue Ltda.;;49,15;50,34;50,40;43,52;36,58;36,65;36,71;36,77;36,83;36,89;36,95;37,02;37,08;;;;;;;;;;;;;;;;;
Mes¢n Alto SpA.;;233,08;228,83;229,21;229,59;229,97;230,35;220,73;221,10;221,47;221,84;222,20;222,57;202,94;;;;;;;;;;;;;;;;;
Icafal Gesti¢n Profesional;;0,00;0,00;0,00000;0,00000;0,00000;0,00000;0,00000;0,00000;0,00000;0,00000;0,00000;0,00000;0,00000;;;;;;;;;;;;;;;;;
Inv. La Isla;;186,61;191,37;191,37;0,00;0,00;0,00;0,00;0,00;0,00;0,00;0,00;0,00;0,00;;;;;;;;;;;;;;;;;
Inv. Almidojo Ltda.;;20,63;21,14;21,17;21,20;21,24;21,27;21,30;21,34;21,37;21,40;21,44;21,47;21,50;;;;;;;;;;;;;;;;;
Inv. Seis OM Ltda.;;31,13;31,90;31,95;32,00;32,05;32,10;32,15;32,20;32,25;32,30;32,35;32,40;32,45;;;;;;;;;;;;;;;;;
Inv. Locinco Ltda.;;24,42;25,02;25,06;25,10;25,13;25,17;25,21;25,25;25,29;25,33;25,37;25,41;25,45;;;;;;;;;;;;;;;;;
Icafal Inversiones;;1.222,20;1.251,29;1.252,32;1.253,34;1.254,37;1.255,40;1.256,43;1.257,45;1.258,48;1.259,51;1.260,54;1.261,56;1.262,59;;;;;;;;;;;;;;;;;
TOTAL;0;3.584,6634;3.658;3.659;3.229;2.950;2.951;2.942;2.943;2.944;2.945;2.945;2.946;2.927;;;;;;;;;;;;;;;;;
;;;;;;;;;;;;;;;;;;;;;;;;;;;;;;;
CXP EMPRESAS RELACIONADAS LARGO PLAZO;;;;;;;;;;;;;;;;;;;;;;;;;;;;;;;
Icafal Inmobiliaria S.A.;;0;0;0;0;0;0;0;0;0;0;0;0;0;;;;;;;;;;;;;;;;;
Icafal Ing. y Const. S.A.;;0;0;0;0;0;0;0;0;0;0;0;0;0;;;;;;;;;;;;;;;;;
Icafal Inversiones S.A.;;0;0;0;0;0;0;0;0;0;0;0;0;0;;;;;;;;;;;;;;;;;
Icafal Gesti¢n S.A.;;0;0;0;0;0;0;0;0;0;0;0;0;0;;;;;;;;;;;;;;;;;
TOTAL;;0;0;0;0;0;0;0;0;0;0;0;0;0;;;;;;;;;;;;;;;;;
;;;;;;;;;;;;;;;;;;;;;;;;;;;;;;;
MOVIMIENTOS EN CXC EMPRESAS RELACIONADAS LARGO PLAZO;;;;;;;;;;;;;;;;;;;;;;;;;;;;;;;
Icafal Inmobiliaria S.A.;;0;0,00000;0,00000;0,00000;0,00000;0,00000;0,00000;0,00000;0,00000;0,00000;0,00000;0,00000;0,00000;;;;;;;;;;;;;;;;;
Icafal Ing. y Const. S.A.;;0;0,00000;0,00000;0,00000;0,00000;0,00000;0,00000;0,00000;0,00000;0,00000;0,00000;0,00000;0,00000;;;;;;;;;;;;;;;;;
Icafal Inversiones S.A.;;0;0,00000;0,00000;0,00000;0,00000;0,00000;0,00000;0,00000;0,00000;0,00000;0,00000;0,00000;0,00000;;;;;;;;;;;;;;;;;
Icafal Gesti¢n S.A.;;0;-3,33353;-3,33353;-3,33353;-3,33353;-3,33353;-3,33353;-3,33353;-3,33353;-3,33353;-3,33353;-3,33353;-3,33353;Corresponde a amort. De la cuota porcion CP de la deuda de LP;;Div. IC;Abono Bono IC;;;;;;;;;;;;;
Inv. Pailapulli S.A.;;0;0,00000;0,00000;-56,83440;-69,95945;0,00000;0,00000;0,00000;0,00000;0,00000;0,00000;0,00000;0,00000;;; 69,96 ;56.834.400;;;;;;;;;;;;;
Inv. Punta µguila S.A.;;0;0,00000;0,00000;-56,83440;-69,92122;0,00000;0,00000;0,00000;0,00000;0,00000;0,00000;0,00000;0,00000;;; 69,92 ;56.834.400;;;;;;;;;;;;;
Inv. Los Peumos S.A.;;0;0,00000;0,00000;-56,83440;-69,92122;0,00000;0,00000;0,00000;0,00000;0,00000;0,00000;0,00000;0,00000;;; 69,92 ;56.834.400;;;;;;;;;;;;;
Inv. Huaquen Ltda.;;0;0,00000;0,00000;-17,37360;-17,48600;0,00000;0,00000;0,00000;0,00000;0,00000;0,00000;0,00000;0,00000;;; 17,49 ;17.373.600;;;;;;;;;;;;;
Inv. El Mait‚n Ltda.;;0;0,00000;0,00000;-17,37360;-17,48600;0,00000;0,00000;0,00000;0,00000;0,00000;0,00000;0,00000;0,00000;;; 17,49 ;17.373.600;;;;;;;;;;;;;
K y T Asesor¡as Ltda.;;0;0,00000;0,00000;-17,37360;-17,48600;0,00000;0,00000;0,00000;0,00000;0,00000;0,00000;0,00000;0,00000;;; 17,49 ;17.373.600;;;;;;;;;;;;;
Inv. Andalue Ltda.;;0;0,00000;0,00000;-10,42560;-10,49300;0,00000;0,00000;0,00000;0,00000;0,00000;0,00000;0,00000;0,00000;;; 10,49 ;10.425.600;;;;;;;;;;;;;
Inv. Nirehue Ltda.;;0;0,00000;0,00000;-6,95040;-6,99300;0,00000;0,00000;0,00000;0,00000;0,00000;0,00000;0,00000;0,00000;;; 6,99 ;6.950.400;;;;;;;;;;;;;
Mes¢n Alto SpA.;;0;-10,00000;0,00000;0,00000;0,00000;0,00000;-10,00000;0,00000;0,00000;0,00000;0,00000;0,00000;-20,00000;Amortizaci¢n de capital + int;;;;;;;;;;;;;;;;
Icafal Gesti¢n Profesional;;0;0,00000;0,00000;0,00000;0,00000;0,00000;0,00000;0,00000;0,00000;0,00000;0,00000;0,00000;0,00000;;;;;;;;;;;;;;;;;
Inv. La Isla;;0;0,00000;0,00000;-191,37076;0,00000;0,00000;0,00000;0,00000;0,00000;0,00000;0,00000;0,00000;0,00000;Ptmo apoyo renta;;;;;;;;;;;;;;;;
Inv. Almidojo Ltda.;;0;0,00000;0,00000;0,00000;0,00000;0,00000;0,00000;0,00000;0,00000;0,00000;0,00000;0,00000;0,00000;;;;;;;;;;;;;;;;;
Inv. Seis OM Ltda.;;0;0,00000;0,00000;0,00000;0,00000;0,00000;0,00000;0,00000;0,00000;0,00000;0,00000;0,00000;0,00000;;;;;;;;;;;;;;;;;
Inv. Locinco Ltda.;;0;0,00000;0,00000;0,00000;0,00000;0,00000;0,00000;0,00000;0,00000;0,00000;0,00000;0,00000;0,00000;;;;;;;;;;;;;;;;;
Icafal Inversiones;;0;0,00000;0,00000;0,00000;0,00000;0,00000;0,00000;0,00000;0,00000;0,00000;0,00000;0,00000;0,00000;;;;;;;;;;;;;;;;;
TOTAL;;0;-13,334;-3,334;-434,704;-283,079;-3,334;-13,334;-3,334;-3,334;-3,334;-3,334;-3,334;-23,334;;;;;;;;;;;;;;;;;
;;;;;;;;;;;;;;;;;;;;;;;;;;;;;;;
MOVIMIENTOS EN CXP EMPRESAS RELACIONADAS LARGO PLAZO;;;;;;;;;;;;;;;;;;;;;;;;;;;;;;;
Icafal Inmobiliaria S.A.;;0,0000;0,0000;0,0000;0,0000;0,0000;0,0000;0,0000;0,0000;0,0000;0,0000;0,0000;0,0000;0,0000;;;;;;;;;;;;;;;;;
Icafal Ing. y Const. S.A.;;0,0000;0,0000;0,0000;0,0000;0,0000;0,0000;0,0000;0,0000;0,0000;0,0000;0,0000;0,0000;0,0000;;;;;;;;;;;;;;;;;
Icafal Inversiones S.A.;;0,0000;0,0000;0,0000;0,0000;0,0000;0,0000;0,0000;0,0000;0,0000;0,0000;0,0000;0,0000;0,0000;;;;;;;;;;;;;;;;;
Icafal Gesti¢n S.A.;;0,0000;0,0000;0,0000;0,0000;0,0000;0,0000;0,0000;0,0000;0,0000;0,0000;0,0000;0,0000;0,0000;;;;;;;;;;;;;;;;;
TOTAL;;0;0;0;0;0;0;0;0;0;0;0;0;0;;;;;;;;;;;;;;;;;
;;;;;;;;;;;;;;;;;;;;;;;;;;;;;;;
ANTECEDENTES REQUERIDOS PARA CALCULO DEL EBITDA;;;;;;;;;;;;;;;;;;;;;;;;;;;;;;;
Depreciaci¢n y Amortizaci¢n del per¡odo (pese a que es un gasto, usar valor absoluto);0;0;0;0;0;0;0;0;0;0;0;0;0;0;;;;;;;;;;;;;;;;;
;;;;;;;;;;;;;;;;;;;;;;;;;;;;;;;
;Real;;;;;;;;;;;;;;;;;;;;;;;;;;;;;;
Indicadores Financieros;sept-17;dic-17;ene-18;feb-18;mar-18;abr-18;may-18;jun-18;jul-18;ago-18;sept-18;oct-18;nov-18;dic-18;NOTAS;;;;;;;;;;;;;;;;
;MM$;;;;;;;;;;;;;;;;;;;;;;;;;;;;;;
MARGEN BRUTO (Resultado sobre costo de ventas);#­DIV/0!;68,14%;-41,69%;9,61%;26,77%;36,84%;42,71%;46,57%;49,31%;51,36%;52,97%;54,27%;55,34%;56,24%;;;;;;;;;;;;;;;;;
MARGEN OPERACIONAL (Resultado sobre gastos operacionales);#­DIV/0!;-67,47%;-286,16%;-152,28%;-109,84%;-82,94%;-78,11%;-69,17%;-64,13%;-56,66%;-53,24%;-48,23%;-48,11%;-49,48%;;;;;;;;;;;;;;;;;
ROE (Resultado sobre Patrimonio Promedio);calcular;calcular;0,44%;1,50%;2,28%;2,83%;2,89%;3,41%;4,09%;4,83%;5,30%;6,17%;6,88%;7,81%;;;;;;;;;;;;;;;;;
ROS (Resultado sobre Ventas del ejercicio o per¡odo);#­DIV/0!;1611,09%;795,99%;1352,73%;1384,88%;1261,66%;999,88%;958,13%;982,17%;1016,26%;992,16%;1039,88%;1057,70%;1105,82%;;;;;;;;;;;;;;;;;
ROA (Resultado sobre Activos Promedio);calcular;calcular;0,44%;1,49%;2,27%;2,82%;2,88%;3,39%;4,07%;4,81%;5,28%;6,14%;6,84%;7,77%;;;;;;;;;;;;;;;;;
LEVERAGE (Veces);#­DIV/0!;0,00;0,00;0,00;0,00;0,00;0,00;0,00;0,00;0,00;0,00;0,00;0,00;0,00;;;;;;;;;;;;;;;;;
EBITDA (MM$);0;-397;-140;-149;-162;-167;-200;-215;-235;-239;-254;-257;-283;-319;;;;;;;;;;;;;;;;;
EBITDA/VENTAS;#­DIV/0!;-67,47%;-286,16%;-152,28%;-109,84%;-82,94%;-78,11%;-69,17%;-64,13%;-56,66%;-53,24%;-48,23%;-48,11%;-49,48%;;;;;;;;;;;;;;;;;
;;;;;;;;;;;;;;;;;;;;;;;;;;;;;;;
Dif;;;-0,010781621;-0,010774756;-0,010024034;-0,004982773;-0,010937187;-0,010991872;-0,011046832;-0,011102066;-0,011157576;-0,011213364;-0,011269431;-0,011325778;;;;;;;;;;;;;;;;;
;;;;;;;;;;;;;;;;;;;;;;;;;;;;;;;
;;;;;;;;;;;;;;;;;;;;;;;;;;;;;;;
Ingresos cartera de inversi¢n;;0;49;49;49;54;54;55;55;55;56;56;56;56;;;;;;;;;;;;;;;;;
Saldo Cartera de Inversi¢n;;9.790,449;9839;9889;10838;10892;10947;11001;11056;11112;11167;11223;11279;11336;;;;;;;;;;;;;;;;;
Tasa Crecimiento mensual cartera de inversi¢n;0,50%;;;;;;;;;;;;;;;;;;;;;;;;;;;;;;
Costo Portfolio Capital;;;1,6399;1,6481;1,8063;1,8154;1,8244;1,8336;1,8427;1,8520;1,8612;1,8705;1,8799;1,8893;;;;;;;;;;;;;;;;;
;;;;;;;;;;;;;;;;;;;;;;;;;;;;;;;
;;;;;;;;;;;;;;;;;;;;;;;;;;;;;;;
;;;;;;;;;;;;;;;;;;;;;;;;;;;;;;28,52 ;93,14 
Amortizaciones Prestamo ISA a IG (cifras en UF);;;;;;;;;;;;;;;;;;;;;;;;;;;;;;28,29 ;93,37 
Periodo;;dic-17;ene-18;feb-18;mar-18;abr-18;may-18;jun-18;jul-18;ago-18;sept-18;oct-18;nov-18;dic-18;;;;;;;;;;;;;;;;28,06 ;93,60 
Cuota;;;121,662;121,662;121,662;121,662;121,662;121,662;121,662;121,662;121,662;121,662;121,662;121,662;;;;;;;;;;;;;;;;27,82 ;93,84 
Interes;;;28,524;28,291;28,058;27,824;27,589;27,354;27,118;26,882;26,645;26,407;26,169;25,931;;;;;;;;;;;;;;;;27,59 ;94,07 
Amortizaci¢n;;;93,138;93,370;93,604;93,838;94,072;94,308;94,543;94,780;95,017;95,254;95,492;95,731;;;;;;;;;;;;;;;;27,35 ;94,31 
;;;;;;;;;;;;;;;;;;;;;;;;;;;;;;27,12 ;94,54 
;;;;;;;;;;;;;;;;;;;;;;;;;;;;;;26,88 ;94,78 
Amortizaciones Prestamo ISA a Meson Alto (cifras en $);;;;;;;;;;;;;;;;;;;;;;;;;;;;;;26,64 ;95,02 
Cuota;;0,00;10,00;0,00;0,00;0,00;0,00;10,00;0,00;0,00;0,00;0,00;0,00;20,00;;;;;;;;;;;;;;;;26,41 ;95,25 
Interes;;;1,95;;;;;1,91;;;;;;2,21;;;;;;;;;;;;;;;;26,17 ;95,49 
Amortizaci¢n;;;8,05;;;;;8,09;;;;;;17,79;;;;;;;;;;;;;;;;25,93 ;95,73 
Meses desde £ltimo pago;;;;;;;;;;;;;;;;;;;;;;;;;;;;;;;
;;;;;;;;;;;;;;;;;;;;;;;;;;;;;;;
;;;;;;;;;;;;;;;;;;;;;;;;;;;;;;;
CXC en UF INTERESES ($);;;;;;;;;;;;;;;UF sep 2015;$ sep 2015;UF dic 2015;$dic 2015;;;;;;;;;;;;;
Icafal Gesti¢n S.A.;0,00;306,50;0,7816;0,7752;0,7688;0,7624;0,7559;0,7495;0,7430;0,7366;0,7301;0,7236;0,7170;0,7105;;;; -   ;;;;;;;;;;;;;
Inv. Pailapulli S.A.;0,00;344,40;0,4328;0,4328;0,4328;0,4328;0,4328;0,4328;0,4328;0,4328;0,4328;0,4328;0,4328;0,4328;;;; -   ;;;;;;;;;;344.400.776;;;
Inv. Punta µguila S.A.;0,00;344,41;0,4328;0,4328;0,4328;0,4328;0,4328;0,4328;0,4328;0,4328;0,4328;0,4328;0,4328;0,4328;;;; -   ;;;;;;;;;;344.411.976;;;
Inv. Los Peumos S.A.;0,00;380,40;0,4783;0,4783;0,4783;0,4783;0,4783;0,4783;0,4783;0,4783;0,4783;0,4783;0,4783;0,4783;;;; -   ;;;;;;;;;;380.395.482;;;
Inv. Huaquen Ltda.;0,00;122,82;0,1544;0,1544;0,1544;0,1544;0,1544;0,1544;0,1544;0,1544;0,1544;0,1544;0,1544;0,1544;;;; -   ;;;;;;;;;;122.824.703;;;
Inv. El Mait‚n Ltda.;0,00;122,91;0,1544;0,1544;0,1544;0,1544;0,1544;0,1544;0,1544;0,1544;0,1544;0,1544;0,1544;0,1544;;;; -   ;;;;;;;;;;122.914.285;;;
K y T Asesor¡as Ltda.;0,00;122,30;0,1538;0,1538;0,1538;0,1538;0,1538;0,1538;0,1538;0,1538;0,1538;0,1538;0,1538;0,1538;;;; -   ;;;;;;;;;;122.302.826;;;
Inv. Andalue Ltda.;0,00;73,70;0,0927;0,0927;0,0927;0,0927;0,0927;0,0927;0,0927;0,0927;0,0927;0,0927;0,0927;0,0927;;;; -   ;;;;;;;;;;73.697.300;;;
Inv. Nirehue Ltda.;0,00;49,15;0,0618;0,0618;0,0618;0,0618;0,0618;0,0618;0,0618;0,0618;0,0618;0,0618;0,0618;0,0618;;;; -   ;;;;;;;;;;49.151.716;;;
Mes¢n Alto SpA.;0,00;233,08;0,3945;0,3811;0,3811;0,3811;0,3811;0,3811;0,3676;0,3676;0,3676;0,3676;0,3676;0,3676;;;; -   ;;;;;;;;;;;;;
Icafal Gesti¢n Profesional;0,00;0,00;0,0000;0,0000;0,0000;0,0000;0,0000;0,0000;0,0000;0,0000;0,0000;0,0000;0,0000;0,0000;;;; -   ;;;;;;;;;;;;;
Inv. La Isla;0,00;186,61;0,0000;0,0000;0,0000;0,0000;0,0000;0,0000;0,0000;0,0000;0,0000;0,0000;0,0000;0,0000;;;; -   ;;;;;;;;;;;;;
Inv. Almidojo Ltda.;0,00;20,63;0,0334;0,0334;0,0334;0,0334;0,0334;0,0334;0,0334;0,0334;0,0334;0,0334;0,0334;0,0334;;;; -   ;;;;;;;;;;;;;
Inv. Seis OM Ltda.;0,00;31,13;0,0503;0,0503;0,0503;0,0503;0,0503;0,0503;0,0503;0,0503;0,0503;0,0503;0,0503;0,0503;;;; -   ;;;;;;;;;;;;;
Inv. Locinco Ltda.;0,00;24,42;0,0395;0,0395;0,0395;0,0395;0,0395;0,0395;0,0395;0,0395;0,0395;0,0395;0,0395;0,0395;;;; -   ;;;;;;;;;;;;;
Icafal Inversiones;0,00;1.222,20;1,0275;1,0275;1,0275;1,0275;1,0275;1,0275;1,0275;1,0275;1,0275;1,0275;1,0275;1,0275;;;; -   ;;;;;;;;;;;;;
Total;0,00;3.584,66;4,2877;4,2679;4,2616;4,2551;4,2487;4,2423;4,2223;4,2158;4,2094;4,2028;4,1963;4,1898;;;; -   ;;;;;;;;;;;;;
;;;;;;;;;;;;;;;;;;;;;;;;;;;;;;;
Total Intereses por prestamo;;;;;;;;;;;;;;;;;;;;;;;;;;;;;;;
;;;;;;;;;;;;;;;;;;;;;;;;;;;;;;;
CXC en UF REAJUSTE ($);;;;;;;;;;;;;;;;;;;;;;;;;;;;;;;
Icafal Gesti¢n S.A.;0,00;306,50;7,03821;;;;;;;;;;;; -   ;; -   ;;;;;;;;;;;;;;
Inv. Pailapulli S.A.;0,00;344,40;7,90862;;;;;;;;;;;; -   ;; -   ;;;;;;;;;;;;;;
Inv. Punta µguila S.A.;0,00;344,41;7,90888;;;;;;;;;;;; -   ;; -   ;;;;;;;;;;;;;;
Inv. Los Peumos S.A.;0,00;380,40;8,73518;;;;;;;;;;;; -   ;; -   ;;;;;;;;;;;;;;
Inv. Huaquen Ltda.;0,00;122,82;2,82048;;;;;;;;;;;; -   ;; -   ;;;;;;;;;;;;;;
Inv. El Mait‚n Ltda.;0,00;122,91;2,82253;;;;;;;;;;;; -   ;; -   ;;;;;;;;;;;;;;
K y T Asesor¡as Ltda.;0,00;122,30;2,80849;;;;;;;;;;;; -   ;; -   ;;;;;;;;;;;;;;
Inv. Andalue Ltda.;0,00;73,70;1,69234;;;;;;;;;;;; -   ;; -   ;;;;;;;;;;;;;;
Inv. Nirehue Ltda.;0,00;49,15;1,12869;;;;;;;;;;;; -   ;; -   ;;;;;;;;;;;;;;
Mes¢n Alto SpA.;0,00;233,08;5,35235;;;;;;;;;;;; -   ;; -   ;;;;;;;;;;;;;;
Icafal Gesti¢n Profesional;0,00;0,00;0,00000;;;;;;;;;;;; -   ;; -   ;;;;;;;;;;;;;;
Inv. La Isla;0,00;186,61;4,75606;;;;;;;;;;;; -   ;; -   ;;;;;;;;;;;;;;
Inv. Almidojo Ltda.;0,00;20,63;0,47372;;;;;;;;;;;; -   ;; -   ;;;;;;;;;;;;;;
Inv. Seis OM Ltda.;0,00;31,13;0,71485;;;;;;;;;;;; -   ;; -   ;;;;;;;;;;;;;;
Inv. Locinco Ltda.;0,00;24,42;0,56068;;;;;;;;;;;; -   ;; -   ;;;;;;;;;;;;;;
Icafal Inversiones;0,00;1.222,20;28,06582;;;;;;;;;;;; -   ;; -   ;;;;;;;;;;;;;;
Total;;3.584,66;;;;;;;;;;;;; -   ;; -   ;;;;;;;;;;;;;;
;;#­DIV/0!;;;;;;;;;;;;;;;;;;;;;;;;;;;;;
;;#­DIV/0!;82,78691;;;;;;;;;;;;;;;;;;;;;;;;;;;;
;;;;;;;;;;;;;;;;;;;;;;;;;;;;;;;
;;;;;;;;;;;;;;;;;;;;;;;;;;;;;;;
Creditos adicionales;;;;;;;;;;;;;;;;;;;;;;;;;;;;;;;
;;;;;;;;;;;;;;;;;;;;;;;;;;;;;;;
2016 en adelante en UF;;;M ximo IFB;;;M ximo IFB;;;;;;;;;;;;;;;;;;;;;;;;;
Accionista;Total Acciones;Participaci¢n ;Dividendo;Req. Total;Dif. Tot;Dividendo;Req. Total;Dif. Tot;;;;;;;;;;;;;;;;;;;;;;;
Invs El Roble S.A.;13.808.094 ;26,45%;;;;;;;;;;;;;;;;;;;;;;;;;;;;;
Invs La Pen¡nsula S.A.;13.808.094 ;26,45%;;;;;;;;;;;;;;;;;;;;;;;;;;;;;
Invs Sicap S.A.;13.808.094 ;26,45%;;;;;;;;;;;;;;;;;;;;;;;;;;;;;
Invs Pailapulli S.A.;1.741.569 ;3,34%;;;;;;;;;;;;;;;;;;;;;;;;;;;;;
Invs Los Peumos S.A.;1.740.018 ;3,33%;;;;;;;;;;;;;;;;;;;;;;;;;;;;;
Invs Punta µguila S.A.;1.740.018 ;3,33%;;;;;;;;;;;;;;;;;;;;;;;;;;;;;
Invs Sta In‚s Ltda;1.856.147 ;3,55%;;;;;;;;;;;;;;;;;;;;;;;;;;;;;
Invs Isidora Ltda;1.856.147 ;3,55%;;;;;;;;;;;;;;;;;;;;;;;;;;;;;
Invs El µlamo Ltda;211.700 ;0,40%;;;;;;;;;;;;;;;;;;;;;;;;;;;;;
Los Coigues Ltda;1.644.447 ;3,15%;;;;;;;;;;;;;;;;;;;;;;;;;;;;;
TOTAL; 52.214.328 ;100,00%;; -   ; -   ; -   ; -   ; -   ;;;;;;;;;;;;;;;;;;;;;;;
Total pr‚stamos a minoritarios;;;;;;;;;;;;;;;;;;;;;;;;;;;;;;;
;;;;;;;;;;;;;;;;;;;;;;;;;;;;;;;
;;;;;;;;;;;;;;;;;;;;;;;;;;;;;;;
;;;;;;;;;;;;;;;;;;;;;;;;;;;;;;;
;;;;;;;;;;;;;;;;;;;;;;;;;;;;;;;
;;;;;;;;;;;;;;;;;;;;;;;;;;;;;;;
Resumen Deudas de accionistas IC;;;;;;;;;;;;;;;;;;;;;;;;;;;;;;;
;;31-12-2017;;;;;;;;;;;;;;;;;;;;;;;;;;;;;
Accionista IC;Deuda UF;Deuda $;Chequeo;Capital UF;Intereses UF;;;;;;;;;;;;;;;;;;;;;;;;;;
Inv. Pailapulli S.A.;12.852; 344.400.776 ; -   ;12.636;216;;;;;;;;;;;;;;;;;;;;;;;;;;
Inv. Punta µguila S.A.;12.852; 344.411.976 ; -   ;12.636;216;;;;;;;;;;;;;;;;;;;;;;;;;;
Inv. Los Peumos S.A.;14.195; 380.395.482 ; -   ;13.965;229;;;;;;;;;;;;;;;;;;;;;;;;;;
Inv. Huaquen Ltda.;4.583; 122.824.703 ; -   ;4.509;75;;;;;;;;;;;;;;;;;;;;;;;;;;
Inv. El Mait‚n Ltda.;4.587; 122.914.285 ; -   ;4.509;78;;;;;;;;;;;;;;;;;;;;;;;;;;
K y T Asesor¡as Ltda.;4.564; 122.302.826 ; -   ;4.490;74;;;;;;;;;;;;;;;;;;;;;;;;;;
Inv. Andalue Ltda.;2.750; 73.697.300 ; -   ;2.705;45;;;;;;;;;;;;;;;;;;;;;;;;;;
Inv. Nirehue Ltda.;1.834; 49.151.716 ; -   ;1.804;31;;;;;;;;;;;;;;;;;;;;;;;;;;
Total; 58.216,69 ; 1.560.099.064 ; -   ; 57.254,06 ; 962,63 ;;;;;;;;;;;;;;;;;;;;;;;;;;
Chequeo; -   ; -   ;;;;;;;;;;;;;;;;;;;;;;;;;;;;;
;;;;;;;;;;;;;;;;;;;;;;;;;;;;;;;
;;;;;;;;;;;;;;;;;;;;;;;;;;;;;;;
Mes¢n Alto SpA.; 8.697,67 ; 233.081.376,06 ;; 8.639,59 ; 58,08 ; 231.525.013 ; 1.556.363 ;;;;;;;;;;;;;;;;;;;;;;;;
Icafal Gesti¢n S.A.; 11.437,24 ; 306.496.666,00 ;; 11.409,63 ; 27,60 ; 305.756.931 ; 739.735 ;;;;;;;;;;;;;;;;;;;;;;;;
Icafal Gesti¢n Profesional; -   ;;; -   ; -   ;;;;;;;;;;;;;;;;;;;;;;;;;;
Inv. Almidojo Ltda.; 769,80 ; 20.629.300,00 ;; 730,54 ; 39,27 ; 19.576.985 ; 1.052.315 ;;;;;;;;;;;;;;;;;;;;;;;;
Inv. Seis OM Ltda.; 1.161,65 ; 31.130.027,00 ;; 1.102,40 ; 59,25 ; 29.542.137 ; 1.587.890 ;;;;;;;;;;;;;;;;;;;;;;;;
Inv. Locinco Ltda.; 911,11 ; 24.416.082,00 ;; 864,69 ; 46,42 ; 23.172.002 ; 1.244.080 ;;;;;;;;;;;;;;;;;;;;;;;;
Inv. La Isla; 6.963,72 ; 186.614.697,92 ;; 6.963,72 ; -   ;;;;;;;;;;;;;;;;;;;;;;;;;;
Icafal Inversiones; 45.607,50 ; 1.222.196.170,00 ;; 45.000,00 ; 607,50 ;; 16.279.870 ;;;;;;;;;;;;;;;;;;;;;;;;
;;;;;;;;;;;; 2.043.059 ; 70.826 ;;;;;;;;;;;;;;;;;;
;;;;;;;;;;;; 17.205.069 ; 573.502 ;;;;;;;;;;;;;;;;;;
;;;;;;;;;;;; 3.025.871 ; 104.897 ;;;;;;;;;;;;;;;;;;
;;;;;;;;;;;; 26.020.011 ; 867.334 ;;;;;;;;;;;;;;;;;;
;;;;;;;;;;;; 1.329.519 ; 46.090 ;;;;;;;;;;;;;;;;;;
;;;;;;;;;;;; 21.453.234 ; 715.108 ;;;;;;;;;;;;;;;;;;
